year,kind,flood,road,agri,total,source
2009,direct,94921,232651,77050,460654,https://www.hkd.mlit.go.jp/ky/ki/keikaku/u23dsn0000000hh4-att/u23dsn0000000hs4.pdf
2009,subsidy,50862,59117,67725,305212,https://www.hkd.mlit.go.jp/ky/ki/keikaku/u23dsn0000000hh4-att/u23dsn0000000hs4.pdf
2010,direct,73612,166950,42739,320737,https://www.hkd.mlit.go.jp/ky/ki/keikaku/u23dsn0000000hh4-att/u23dsn0000000hrq.pdf
2010,subsidy,11296,9820,19451,293273,https://www.hkd.mlit.go.jp/ky/ki/keikaku/u23dsn0000000hh4-att/u23dsn0000000hrq.pdf
2011,direct,71557,166304,46426,315499,https://www.hkd.mlit.go.jp/ky/ki/keikaku/u23dsn0000000hh4-att/u23dsn0000000hnu.pdf
2011,subsidy,8402,3700,,,https://www.hkd.mlit.go.jp/ky/ki/keikaku/u23dsn0000000hh4-att/u23dsn0000000hnu.pdf
2012,direct,73195,175136,52596,335683,https://www.hkd.mlit.go.jp/ky/ki/keikaku/u23dsn0000000hh4-att/u23dsn0000000hn0.pdf
2012,subsidy,7858,3680,16313,206014,https://www.hkd.mlit.go.jp/ky/ki/keikaku/u23dsn0000000hh4-att/u23dsn0000000hn0.pdf
2013,direct,74031,170920,54063,331618,https://www.hkd.mlit.go.jp/ky/ki/keikaku/u23dsn0000000hh4-att/u23dsn0000000hm6.pdf
2013,subsidy,4789,3800,25359,253947,https://www.hkd.mlit.go.jp/ky/ki/keikaku/u23dsn0000000hh4-att/u23dsn0000000hm6.pdf
2014,direct,74236,180725,55505,347684,https://www.hkd.mlit.go.jp/ky/ki/keikaku/u23dsn0000000hh4-att/u23dsn0000000hl3.pdf
2014,subsidy,4797,4005,25292,271103,https://www.hkd.mlit.go.jp/ky/ki/keikaku/u23dsn0000000hh4-att/u23dsn0000000hl3.pdf
2015,direct,71937,183856,56771,350145,https://www.hkd.mlit.go.jp/ky/ki/keikaku/u23dsn0000000hh4-att/u23dsn0000000hjv.pdf
2015,subsidy,8926,4375,24707,286412,https://www.hkd.mlit.go.jp/ky/ki/keikaku/u23dsn0000000hh4-att/u23dsn0000000hjv.pdf
2016,direct,72603,186717,56255,354059,https://www.hkd.mlit.go.jp/ky/ki/keikaku/u23dsn0000000hh4-att/u23dsn0000000hjz.pdf
2016,subsidy,8433,4844,26443,292330,https://www.hkd.mlit.go.jp/ky/ki/keikaku/u23dsn0000000hh4-att/u23dsn0000000hjz.pdf
2017,direct,75863,187921,58690,361923,https://www.hkd.mlit.go.jp/ky/ki/keikaku/u23dsn0000000hh4-att/splaat000000mmar.pdf
2017,subsidy,2955,4894,28479,302159,https://www.hkd.mlit.go.jp/ky/ki/keikaku/u23dsn0000000hh4-att/splaat000000mmar.pdf
2018,direct,74941,185990,59225,362236,https://www.hkd.mlit.go.jp/ky/ki/keikaku/u23dsn0000000hh4-att/splaat000001aj8l.pdf
2018,subsidy,3222,5727,33189,288904,https://www.hkd.mlit.go.jp/ky/ki/keikaku/u23dsn0000000hh4-att/splaat000001aj8l.pdf
2019,direct,95906,206807,67316,417551,https://www.hkd.mlit.go.jp/ky/ki/keikaku/u23dsn0000000hh4-att/splaat000001lho6.pdf
2019,subsidy,8106,6919,38469,339345,https://www.hkd.mlit.go.jp/ky/ki/keikaku/u23dsn0000000hh4-att/splaat000001lho6.pdf
2020,direct,97510,200838,69340,412956,https://www.hkd.mlit.go.jp/ky/ki/keikaku/u23dsn0000000hh4-att/splaat000001vca9.pdf
2020,subsidy,11261,39761,37271,331532,https://www.hkd.mlit.go.jp/ky/ki/keikaku/u23dsn0000000hh4-att/splaat000001vca9.pdf
2021,direct,77754,189577,60082,366717,https://www.hkd.mlit.go.jp/ky/ki/keikaku/u23dsn0000000hh4-att/slo5pa00000058ub.pdf
2021,subsidy,11374,40579,37231,293583,https://www.hkd.mlit.go.jp/ky/ki/keikaku/u23dsn0000000hh4-att/slo5pa00000058ub.pdf
2022,direct,74868,190793,59819,361834,https://www.hkd.mlit.go.jp/ky/ki/keikaku/u23dsn0000000hh4-att/slo5pa000000jf7j.pdf
2022,subsidy,17539,46233,37409,295920,https://www.hkd.mlit.go.jp/ky/ki/keikaku/u23dsn0000000hh4-att/slo5pa000000jf7j.pdf
2023,direct,74935,191313,59863,363444,https://www.hkd.mlit.go.jp/ky/ki/keikaku/u23dsn0000000hh4-att/slo5pa0000010yxd.pdf
2023,subsidy,17635,46531,37405,291483,https://www.hkd.mlit.go.jp/ky/ki/keikaku/u23dsn0000000hh4-att/slo5pa0000010yxd.pdf
2024,direct,74632,190719,60072,364598,https://www.hkd.mlit.go.jp/ky/ki/keikaku/u23dsn0000000hh4-att/slo5pa000001eu1s.pdf
2024,subsidy,17672,44989,37128,306463,https://www.hkd.mlit.go.jp/ky/ki/keikaku/u23dsn0000000hh4-att/slo5pa000001eu1s.pdf
2025,direct,74678,190448,60014,363111,https://www.hkd.mlit.go.jp/ky/ki/keikaku/u23dsn0000000hh4-att/k5m5qg00000047dl.pdf
2025,subsidy,18465,45380,37800,316311,https://www.hkd.mlit.go.jp/ky/ki/keikaku/u23dsn0000000hh4-att/k5m5qg00000047dl.pdf
