year,file,kind,direct,subsidy,source
2009,h2009a,supp,1071.0,496.0,https://www.hkd.mlit.go.jp/ky/ki/keikaku/u23dsn0000000hh4-att/u23dsn0000000hv0.pdf
2009,h2009b,zero,557.0,169.0,https://www.hkd.mlit.go.jp/ky/ki/keikaku/u23dsn0000000hh4-att/u23dsn0000000hv3.pdf
2010,h2010,supp,381.0,271.0,https://www.hkd.mlit.go.jp/ky/ki/keikaku/u23dsn0000000hh4-att/u23dsn0000000hux.pdf
2010,h2010,zero,667.0,17.0,https://www.hkd.mlit.go.jp/ky/ki/keikaku/u23dsn0000000hh4-att/u23dsn0000000hux.pdf
2011,h2011a,supp,3.1,0.0,https://www.hkd.mlit.go.jp/ky/ki/keikaku/u23dsn0000000hh4-att/u23dsn0000000hnx.pdf
2011,h2011b,supp,317.0,63.0,https://www.hkd.mlit.go.jp/ky/ki/keikaku/u23dsn0000000hh4-att/u23dsn0000000ho0.pdf
2011,h2011c,zero,534.0,71.0,https://www.hkd.mlit.go.jp/ky/ki/keikaku/u23dsn0000000hh4-att/u23dsn0000000ho3.pdf
2012,h2012,supp,1758.0,1122.0,https://www.hkd.mlit.go.jp/ky/ki/keikaku/u23dsn0000000hh4-att/u23dsn0000000hn3.pdf
2012,h2012,zero,739.0,3.0,https://www.hkd.mlit.go.jp/ky/ki/keikaku/u23dsn0000000hh4-att/u23dsn0000000hn3.pdf
2013,h2013,supp,603.0,659.0,https://www.hkd.mlit.go.jp/ky/ki/keikaku/u23dsn0000000hh4-att/u23dsn0000000hm9.pdf
2013,h2013,zero,768.0,50.0,https://www.hkd.mlit.go.jp/ky/ki/keikaku/u23dsn0000000hh4-att/u23dsn0000000hm9.pdf
2014,h2014,supp,114.0,97.0,https://www.hkd.mlit.go.jp/ky/ki/keikaku/u23dsn0000000hh4-att/u23dsn0000000hm3.pdf
2014,h2014,zero,923.0,48.0,https://www.hkd.mlit.go.jp/ky/ki/keikaku/u23dsn0000000hh4-att/u23dsn0000000hm3.pdf
2015,h2015,supp,493.0,573.0,https://www.hkd.mlit.go.jp/ky/ki/keikaku/u23dsn0000000hh4-att/u23dsn0000000hm0.pdf
2015,h2015,zero,848.0,9.0,https://www.hkd.mlit.go.jp/ky/ki/keikaku/u23dsn0000000hh4-att/u23dsn0000000hm0.pdf
2016,h2016a,supp,513.0,857.0,https://www.hkd.mlit.go.jp/ky/ki/keikaku/u23dsn0000000hh4-att/u23dsn0000000hlx.pdf
2016,h2016b,zero,856.0,19.0,https://www.hkd.mlit.go.jp/ky/ki/keikaku/u23dsn0000000hh4-att/splaat000000mm7s.pdf
2017,h2017,supp,449.0,742.0,https://www.hkd.mlit.go.jp/ky/ki/keikaku/u23dsn0000000hh4-att/splaat00000174we.pdf
2017,h2017,zero,550.0,34.0,https://www.hkd.mlit.go.jp/ky/ki/keikaku/u23dsn0000000hh4-att/splaat00000174we.pdf
2018,h2018,supp,677.0,793.0,https://www.hkd.mlit.go.jp/ky/ki/keikaku/u23dsn0000000hh4-att/splaat000001iw0u.pdf
2018,h2018,zero,304.0,22.0,https://www.hkd.mlit.go.jp/ky/ki/keikaku/u23dsn0000000hh4-att/splaat000001iw0u.pdf
2019,h2019,supp,732.0,1034.0,https://www.hkd.mlit.go.jp/ky/ki/keikaku/u23dsn0000000hh4-att/splaat000001t87d.pdf
2019,h2019,zero,263.0,35.0,https://www.hkd.mlit.go.jp/ky/ki/keikaku/u23dsn0000000hh4-att/splaat000001t87d.pdf
2020,h2020,supp,1218.0,1396.0,https://www.hkd.mlit.go.jp/ky/ki/keikaku/u23dsn0000000hh4-att/splaat0000021xis.pdf
2020,h2020,zero,603.0,25.0,https://www.hkd.mlit.go.jp/ky/ki/keikaku/u23dsn0000000hh4-att/splaat0000021xis.pdf
2021,h2021,supp,836.0,1159.0,https://www.hkd.mlit.go.jp/ky/ki/keikaku/u23dsn0000000hh4-att/slo5pa000000emog.pdf
2021,h2021,zero,349.0,36.0,https://www.hkd.mlit.go.jp/ky/ki/keikaku/u23dsn0000000hh4-att/slo5pa000000emog.pdf
2022,h2022,supp,757.0,1136.0,https://www.hkd.mlit.go.jp/ky/ki/keikaku/u23dsn0000000hh4-att/slo5pa000000tll6.pdf
2022,h2022,zero,365.0,67.0,https://www.hkd.mlit.go.jp/ky/ki/keikaku/u23dsn0000000hh4-att/slo5pa000000tll6.pdf
2023,h2023,supp,854.0,1229.0,https://www.hkd.mlit.go.jp/ky/ki/keikaku/u23dsn0000000hh4-att/slo5pa0000018dwb.pdf
2023,h2023,zero,304.0,47.0,https://www.hkd.mlit.go.jp/ky/ki/keikaku/u23dsn0000000hh4-att/slo5pa0000018dwb.pdf
2024,h2024,supp,878.0,1400.0,https://www.hkd.mlit.go.jp/ky/ki/keikaku/u23dsn0000000hh4-att/slo5pa000001mrxi.pdf
2024,h2024,zero,325.0,36.0,https://www.hkd.mlit.go.jp/ky/ki/keikaku/u23dsn0000000hh4-att/slo5pa000001mrxi.pdf
2025,h2025,supp,913.0,1536.0,https://www.hkd.mlit.go.jp/ky/ki/keikaku/u23dsn0000000hh4-att/jtfkjs0000002arz.pdf
2025,h2025,zero,256.0,36.0,https://www.hkd.mlit.go.jp/ky/ki/keikaku/u23dsn0000000hh4-att/jtfkjs0000002arz.pdf
