year,public_subsidy,public_direct_share,investment_projects,investment_total,note,source
2012,1562,794,933,3289,億円、当初予算 (前年度国補正分を含まない)。令和4年度「予算のポイント」投資的経費の過去10年間の推移のグラフから読み、3 区分の和が合計に一致することを確認,https://www.pref.hokkaido.lg.jp/sm/zsi/96318.html
2013,1464,659,895,3018,億円、当初予算 (前年度国補正分を含まない)。令和4年度「予算のポイント」投資的経費の過去10年間の推移のグラフから読み、3 区分の和が合計に一致することを確認,https://www.pref.hokkaido.lg.jp/sm/zsi/96318.html
2014,1482,637,924,3043,億円、当初予算 (前年度国補正分を含まない)。令和4年度「予算のポイント」投資的経費の過去10年間の推移のグラフから読み、3 区分の和が合計に一致することを確認,https://www.pref.hokkaido.lg.jp/sm/zsi/96318.html
2015,1542,650,895,3087,億円、当初予算 (前年度国補正分を含まない)。令和4年度「予算のポイント」投資的経費の過去10年間の推移のグラフから読み、3 区分の和が合計に一致することを確認,https://www.pref.hokkaido.lg.jp/sm/zsi/96318.html
2016,1520,722,941,3183,億円、当初予算 (前年度国補正分を含まない)。令和4年度「予算のポイント」投資的経費の過去10年間の推移のグラフから読み、3 区分の和が合計に一致することを確認,https://www.pref.hokkaido.lg.jp/sm/zsi/96318.html
2017,1481,671,1038,3190,億円、当初予算 (前年度国補正分を含まない)。令和4年度「予算のポイント」投資的経費の過去10年間の推移のグラフから読み、3 区分の和が合計に一致することを確認,https://www.pref.hokkaido.lg.jp/sm/zsi/96318.html
2018,1509,615,1063,3187,億円、当初予算 (前年度国補正分を含まない)。令和4年度「予算のポイント」投資的経費の過去10年間の推移のグラフから読み、3 区分の和が合計に一致することを確認,https://www.pref.hokkaido.lg.jp/sm/zsi/96318.html
2019,1957,743,1048,3748,億円、当初予算 (前年度国補正分を含まない)。令和4年度「予算のポイント」投資的経費の過去10年間の推移のグラフから読み、3 区分の和が合計に一致することを確認,https://www.pref.hokkaido.lg.jp/sm/zsi/96318.html
2020,1932,829,1045,3806,億円、当初予算 (前年度国補正分を含まない)。令和4年度「予算のポイント」投資的経費の過去10年間の推移のグラフから読み、3 区分の和が合計に一致することを確認,https://www.pref.hokkaido.lg.jp/sm/zsi/96318.html
2021,1656,772,883,3311,億円、当初予算 (前年度国補正分を含まない)。令和4年度「予算のポイント」投資的経費の過去10年間の推移のグラフから読み、3 区分の和が合計に一致することを確認,https://www.pref.hokkaido.lg.jp/sm/zsi/96318.html
2022,1708,857,911,3476,億円、当初予算 (前年度国補正分を含まない)。令和4年度「予算のポイント」投資的経費の過去10年間の推移のグラフから読み、3 区分の和が合計に一致することを確認,https://www.pref.hokkaido.lg.jp/sm/zsi/96318.html
