year,kind,dept,office,contracts_h1,source
2020,委託,産業振興部,空知,209,https://www.pref.hokkaido.lg.jp/sm/gms/nyuusatu/65menu0202.html
2020,委託,産業振興部,石狩,44,https://www.pref.hokkaido.lg.jp/sm/gms/nyuusatu/65menu0202.html
2020,委託,産業振興部,後志,36,https://www.pref.hokkaido.lg.jp/sm/gms/nyuusatu/65menu0202.html
2020,委託,産業振興部,胆振,53,https://www.pref.hokkaido.lg.jp/sm/gms/nyuusatu/65menu0202.html
2020,委託,産業振興部,日高,33,https://www.pref.hokkaido.lg.jp/sm/gms/nyuusatu/65menu0202.html
2020,委託,産業振興部,渡島,30,https://www.pref.hokkaido.lg.jp/sm/gms/nyuusatu/65menu0202.html
2020,委託,産業振興部,檜山,28,https://www.pref.hokkaido.lg.jp/sm/gms/nyuusatu/65menu0202.html
2020,委託,産業振興部,上川,128,https://www.pref.hokkaido.lg.jp/sm/gms/nyuusatu/65menu0202.html
2020,委託,産業振興部,留萌,38,https://www.pref.hokkaido.lg.jp/sm/gms/nyuusatu/65menu0202.html
2020,委託,産業振興部,宗谷,50,https://www.pref.hokkaido.lg.jp/sm/gms/nyuusatu/65menu0202.html
2020,委託,産業振興部,オホーツク,133,https://www.pref.hokkaido.lg.jp/sm/gms/nyuusatu/65menu0202.html
2020,委託,産業振興部,十勝,105,https://www.pref.hokkaido.lg.jp/sm/gms/nyuusatu/65menu0202.html
2020,委託,産業振興部,釧路,35,https://www.pref.hokkaido.lg.jp/sm/gms/nyuusatu/65menu0202.html
2020,委託,産業振興部,根室,26,https://www.pref.hokkaido.lg.jp/sm/gms/nyuusatu/65menu0202.html
2020,委託,建設管理部,札幌,411,https://www.pref.hokkaido.lg.jp/sm/gms/nyuusatu/65menu0202.html
2020,委託,建設管理部,小樽,259,https://www.pref.hokkaido.lg.jp/sm/gms/nyuusatu/65menu0202.html
2020,委託,建設管理部,室蘭,290,https://www.pref.hokkaido.lg.jp/sm/gms/nyuusatu/65menu0202.html
2020,委託,建設管理部,函館,334,https://www.pref.hokkaido.lg.jp/sm/gms/nyuusatu/65menu0202.html
2020,委託,建設管理部,旭川,300,https://www.pref.hokkaido.lg.jp/sm/gms/nyuusatu/65menu0202.html
2020,委託,建設管理部,留萌,118,https://www.pref.hokkaido.lg.jp/sm/gms/nyuusatu/65menu0202.html
2020,委託,建設管理部,稚内,152,https://www.pref.hokkaido.lg.jp/sm/gms/nyuusatu/65menu0202.html
2020,委託,建設管理部,網走,316,https://www.pref.hokkaido.lg.jp/sm/gms/nyuusatu/65menu0202.html
2020,委託,建設管理部,帯広,299,https://www.pref.hokkaido.lg.jp/sm/gms/nyuusatu/65menu0202.html
2020,委託,建設管理部,釧路,210,https://www.pref.hokkaido.lg.jp/sm/gms/nyuusatu/65menu0202.html
2020,工事,産業振興部,空知,73,https://www.pref.hokkaido.lg.jp/sm/gms/nyuusatu/65menu0202.html
2020,工事,産業振興部,石狩,24,https://www.pref.hokkaido.lg.jp/sm/gms/nyuusatu/65menu0202.html
2020,工事,産業振興部,後志,22,https://www.pref.hokkaido.lg.jp/sm/gms/nyuusatu/65menu0202.html
2020,工事,産業振興部,胆振,42,https://www.pref.hokkaido.lg.jp/sm/gms/nyuusatu/65menu0202.html
2020,工事,産業振興部,日高,30,https://www.pref.hokkaido.lg.jp/sm/gms/nyuusatu/65menu0202.html
2020,工事,産業振興部,渡島,45,https://www.pref.hokkaido.lg.jp/sm/gms/nyuusatu/65menu0202.html
2020,工事,産業振興部,檜山,24,https://www.pref.hokkaido.lg.jp/sm/gms/nyuusatu/65menu0202.html
2020,工事,産業振興部,上川,85,https://www.pref.hokkaido.lg.jp/sm/gms/nyuusatu/65menu0202.html
2020,工事,産業振興部,留萌,24,https://www.pref.hokkaido.lg.jp/sm/gms/nyuusatu/65menu0202.html
2020,工事,産業振興部,宗谷,31,https://www.pref.hokkaido.lg.jp/sm/gms/nyuusatu/65menu0202.html
2020,工事,産業振興部,オホーツク,79,https://www.pref.hokkaido.lg.jp/sm/gms/nyuusatu/65menu0202.html
2020,工事,産業振興部,十勝,86,https://www.pref.hokkaido.lg.jp/sm/gms/nyuusatu/65menu0202.html
2020,工事,産業振興部,釧路,18,https://www.pref.hokkaido.lg.jp/sm/gms/nyuusatu/65menu0202.html
2020,工事,産業振興部,根室,25,https://www.pref.hokkaido.lg.jp/sm/gms/nyuusatu/65menu0202.html
2020,工事,建設管理部,札幌,123,https://www.pref.hokkaido.lg.jp/sm/gms/nyuusatu/65menu0202.html
2020,工事,建設管理部,小樽,91,https://www.pref.hokkaido.lg.jp/sm/gms/nyuusatu/65menu0202.html
2020,工事,建設管理部,室蘭,114,https://www.pref.hokkaido.lg.jp/sm/gms/nyuusatu/65menu0202.html
2020,工事,建設管理部,函館,131,https://www.pref.hokkaido.lg.jp/sm/gms/nyuusatu/65menu0202.html
2020,工事,建設管理部,旭川,134,https://www.pref.hokkaido.lg.jp/sm/gms/nyuusatu/65menu0202.html
2020,工事,建設管理部,留萌,76,https://www.pref.hokkaido.lg.jp/sm/gms/nyuusatu/65menu0202.html
2020,工事,建設管理部,稚内,60,https://www.pref.hokkaido.lg.jp/sm/gms/nyuusatu/65menu0202.html
2020,工事,建設管理部,網走,115,https://www.pref.hokkaido.lg.jp/sm/gms/nyuusatu/65menu0202.html
2020,工事,建設管理部,帯広,116,https://www.pref.hokkaido.lg.jp/sm/gms/nyuusatu/65menu0202.html
2020,工事,建設管理部,釧路,107,https://www.pref.hokkaido.lg.jp/sm/gms/nyuusatu/65menu0202.html
2021,委託,産業振興部,空知,200,https://www.pref.hokkaido.lg.jp/sm/gms/nyuusatu/97510.html
2021,委託,産業振興部,石狩,42,https://www.pref.hokkaido.lg.jp/sm/gms/nyuusatu/97510.html
2021,委託,産業振興部,後志,30,https://www.pref.hokkaido.lg.jp/sm/gms/nyuusatu/97510.html
2021,委託,産業振興部,胆振,42,https://www.pref.hokkaido.lg.jp/sm/gms/nyuusatu/97510.html
2021,委託,産業振興部,日高,34,https://www.pref.hokkaido.lg.jp/sm/gms/nyuusatu/97510.html
2021,委託,産業振興部,渡島,43,https://www.pref.hokkaido.lg.jp/sm/gms/nyuusatu/97510.html
2021,委託,産業振興部,檜山,34,https://www.pref.hokkaido.lg.jp/sm/gms/nyuusatu/97510.html
2021,委託,産業振興部,上川,111,https://www.pref.hokkaido.lg.jp/sm/gms/nyuusatu/97510.html
2021,委託,産業振興部,留萌,44,https://www.pref.hokkaido.lg.jp/sm/gms/nyuusatu/97510.html
2021,委託,産業振興部,宗谷,38,https://www.pref.hokkaido.lg.jp/sm/gms/nyuusatu/97510.html
2021,委託,産業振興部,オホーツク,107,https://www.pref.hokkaido.lg.jp/sm/gms/nyuusatu/97510.html
2021,委託,産業振興部,十勝,112,https://www.pref.hokkaido.lg.jp/sm/gms/nyuusatu/97510.html
2021,委託,産業振興部,釧路,35,https://www.pref.hokkaido.lg.jp/sm/gms/nyuusatu/97510.html
2021,委託,産業振興部,根室,34,https://www.pref.hokkaido.lg.jp/sm/gms/nyuusatu/97510.html
2021,委託,建設管理部,札幌,364,https://www.pref.hokkaido.lg.jp/sm/gms/nyuusatu/97510.html
2021,委託,建設管理部,小樽,249,https://www.pref.hokkaido.lg.jp/sm/gms/nyuusatu/97510.html
2021,委託,建設管理部,室蘭,308,https://www.pref.hokkaido.lg.jp/sm/gms/nyuusatu/97510.html
2021,委託,建設管理部,函館,394,https://www.pref.hokkaido.lg.jp/sm/gms/nyuusatu/97510.html
2021,委託,建設管理部,旭川,309,https://www.pref.hokkaido.lg.jp/sm/gms/nyuusatu/97510.html
2021,委託,建設管理部,留萌,154,https://www.pref.hokkaido.lg.jp/sm/gms/nyuusatu/97510.html
2021,委託,建設管理部,稚内,152,https://www.pref.hokkaido.lg.jp/sm/gms/nyuusatu/97510.html
2021,委託,建設管理部,網走,288,https://www.pref.hokkaido.lg.jp/sm/gms/nyuusatu/97510.html
2021,委託,建設管理部,帯広,308,https://www.pref.hokkaido.lg.jp/sm/gms/nyuusatu/97510.html
2021,委託,建設管理部,釧路,247,https://www.pref.hokkaido.lg.jp/sm/gms/nyuusatu/97510.html
2021,工事,産業振興部,空知,60,https://www.pref.hokkaido.lg.jp/sm/gms/nyuusatu/97510.html
2021,工事,産業振興部,石狩,16,https://www.pref.hokkaido.lg.jp/sm/gms/nyuusatu/97510.html
2021,工事,産業振興部,後志,15,https://www.pref.hokkaido.lg.jp/sm/gms/nyuusatu/97510.html
2021,工事,産業振興部,胆振,40,https://www.pref.hokkaido.lg.jp/sm/gms/nyuusatu/97510.html
2021,工事,産業振興部,日高,30,https://www.pref.hokkaido.lg.jp/sm/gms/nyuusatu/97510.html
2021,工事,産業振興部,渡島,45,https://www.pref.hokkaido.lg.jp/sm/gms/nyuusatu/97510.html
2021,工事,産業振興部,檜山,23,https://www.pref.hokkaido.lg.jp/sm/gms/nyuusatu/97510.html
2021,工事,産業振興部,上川,63,https://www.pref.hokkaido.lg.jp/sm/gms/nyuusatu/97510.html
2021,工事,産業振興部,留萌,24,https://www.pref.hokkaido.lg.jp/sm/gms/nyuusatu/97510.html
2021,工事,産業振興部,宗谷,27,https://www.pref.hokkaido.lg.jp/sm/gms/nyuusatu/97510.html
2021,工事,産業振興部,オホーツク,70,https://www.pref.hokkaido.lg.jp/sm/gms/nyuusatu/97510.html
2021,工事,産業振興部,十勝,98,https://www.pref.hokkaido.lg.jp/sm/gms/nyuusatu/97510.html
2021,工事,産業振興部,釧路,18,https://www.pref.hokkaido.lg.jp/sm/gms/nyuusatu/97510.html
2021,工事,産業振興部,根室,27,https://www.pref.hokkaido.lg.jp/sm/gms/nyuusatu/97510.html
2021,工事,建設管理部,札幌,136,https://www.pref.hokkaido.lg.jp/sm/gms/nyuusatu/97510.html
2021,工事,建設管理部,小樽,87,https://www.pref.hokkaido.lg.jp/sm/gms/nyuusatu/97510.html
2021,工事,建設管理部,室蘭,101,https://www.pref.hokkaido.lg.jp/sm/gms/nyuusatu/97510.html
2021,工事,建設管理部,函館,151,https://www.pref.hokkaido.lg.jp/sm/gms/nyuusatu/97510.html
2021,工事,建設管理部,旭川,139,https://www.pref.hokkaido.lg.jp/sm/gms/nyuusatu/97510.html
2021,工事,建設管理部,留萌,73,https://www.pref.hokkaido.lg.jp/sm/gms/nyuusatu/97510.html
2021,工事,建設管理部,稚内,76,https://www.pref.hokkaido.lg.jp/sm/gms/nyuusatu/97510.html
2021,工事,建設管理部,網走,105,https://www.pref.hokkaido.lg.jp/sm/gms/nyuusatu/97510.html
2021,工事,建設管理部,帯広,101,https://www.pref.hokkaido.lg.jp/sm/gms/nyuusatu/97510.html
2021,工事,建設管理部,釧路,100,https://www.pref.hokkaido.lg.jp/sm/gms/nyuusatu/97510.html
2022,委託,産業振興部,空知,186,https://www.pref.hokkaido.lg.jp/sm/gms/nyuusatu/146882.html
2022,委託,産業振興部,石狩,28,https://www.pref.hokkaido.lg.jp/sm/gms/nyuusatu/146882.html
2022,委託,産業振興部,後志,29,https://www.pref.hokkaido.lg.jp/sm/gms/nyuusatu/146882.html
2022,委託,産業振興部,胆振,34,https://www.pref.hokkaido.lg.jp/sm/gms/nyuusatu/146882.html
2022,委託,産業振興部,日高,44,https://www.pref.hokkaido.lg.jp/sm/gms/nyuusatu/146882.html
2022,委託,産業振興部,渡島,47,https://www.pref.hokkaido.lg.jp/sm/gms/nyuusatu/146882.html
2022,委託,産業振興部,檜山,37,https://www.pref.hokkaido.lg.jp/sm/gms/nyuusatu/146882.html
2022,委託,産業振興部,上川,123,https://www.pref.hokkaido.lg.jp/sm/gms/nyuusatu/146882.html
2022,委託,産業振興部,留萌,32,https://www.pref.hokkaido.lg.jp/sm/gms/nyuusatu/146882.html
2022,委託,産業振興部,宗谷,33,https://www.pref.hokkaido.lg.jp/sm/gms/nyuusatu/146882.html
2022,委託,産業振興部,オホーツク,118,https://www.pref.hokkaido.lg.jp/sm/gms/nyuusatu/146882.html
2022,委託,産業振興部,十勝,97,https://www.pref.hokkaido.lg.jp/sm/gms/nyuusatu/146882.html
2022,委託,産業振興部,釧路,34,https://www.pref.hokkaido.lg.jp/sm/gms/nyuusatu/146882.html
2022,委託,産業振興部,根室,41,https://www.pref.hokkaido.lg.jp/sm/gms/nyuusatu/146882.html
2022,委託,建設管理部,札幌,402,https://www.pref.hokkaido.lg.jp/sm/gms/nyuusatu/146882.html
2022,委託,建設管理部,小樽,274,https://www.pref.hokkaido.lg.jp/sm/gms/nyuusatu/146882.html
2022,委託,建設管理部,室蘭,344,https://www.pref.hokkaido.lg.jp/sm/gms/nyuusatu/146882.html
2022,委託,建設管理部,函館,440,https://www.pref.hokkaido.lg.jp/sm/gms/nyuusatu/146882.html
2022,委託,建設管理部,旭川,311,https://www.pref.hokkaido.lg.jp/sm/gms/nyuusatu/146882.html
2022,委託,建設管理部,留萌,160,https://www.pref.hokkaido.lg.jp/sm/gms/nyuusatu/146882.html
2022,委託,建設管理部,稚内,153,https://www.pref.hokkaido.lg.jp/sm/gms/nyuusatu/146882.html
2022,委託,建設管理部,網走,338,https://www.pref.hokkaido.lg.jp/sm/gms/nyuusatu/146882.html
2022,委託,建設管理部,帯広,306,https://www.pref.hokkaido.lg.jp/sm/gms/nyuusatu/146882.html
2022,委託,建設管理部,釧路,250,https://www.pref.hokkaido.lg.jp/sm/gms/nyuusatu/146882.html
2022,工事,産業振興部,空知,38,https://www.pref.hokkaido.lg.jp/sm/gms/nyuusatu/146882.html
2022,工事,産業振興部,石狩,8,https://www.pref.hokkaido.lg.jp/sm/gms/nyuusatu/146882.html
2022,工事,産業振興部,後志,16,https://www.pref.hokkaido.lg.jp/sm/gms/nyuusatu/146882.html
2022,工事,産業振興部,胆振,44,https://www.pref.hokkaido.lg.jp/sm/gms/nyuusatu/146882.html
2022,工事,産業振興部,日高,23,https://www.pref.hokkaido.lg.jp/sm/gms/nyuusatu/146882.html
2022,工事,産業振興部,渡島,36,https://www.pref.hokkaido.lg.jp/sm/gms/nyuusatu/146882.html
2022,工事,産業振興部,檜山,25,https://www.pref.hokkaido.lg.jp/sm/gms/nyuusatu/146882.html
2022,工事,産業振興部,上川,47,https://www.pref.hokkaido.lg.jp/sm/gms/nyuusatu/146882.html
2022,工事,産業振興部,留萌,21,https://www.pref.hokkaido.lg.jp/sm/gms/nyuusatu/146882.html
2022,工事,産業振興部,宗谷,22,https://www.pref.hokkaido.lg.jp/sm/gms/nyuusatu/146882.html
2022,工事,産業振興部,オホーツク,73,https://www.pref.hokkaido.lg.jp/sm/gms/nyuusatu/146882.html
2022,工事,産業振興部,十勝,93,https://www.pref.hokkaido.lg.jp/sm/gms/nyuusatu/146882.html
2022,工事,産業振興部,釧路,17,https://www.pref.hokkaido.lg.jp/sm/gms/nyuusatu/146882.html
2022,工事,産業振興部,根室,21,https://www.pref.hokkaido.lg.jp/sm/gms/nyuusatu/146882.html
2022,工事,建設管理部,札幌,148,https://www.pref.hokkaido.lg.jp/sm/gms/nyuusatu/146882.html
2022,工事,建設管理部,小樽,93,https://www.pref.hokkaido.lg.jp/sm/gms/nyuusatu/146882.html
2022,工事,建設管理部,室蘭,108,https://www.pref.hokkaido.lg.jp/sm/gms/nyuusatu/146882.html
2022,工事,建設管理部,函館,144,https://www.pref.hokkaido.lg.jp/sm/gms/nyuusatu/146882.html
2022,工事,建設管理部,旭川,141,https://www.pref.hokkaido.lg.jp/sm/gms/nyuusatu/146882.html
2022,工事,建設管理部,留萌,63,https://www.pref.hokkaido.lg.jp/sm/gms/nyuusatu/146882.html
2022,工事,建設管理部,稚内,64,https://www.pref.hokkaido.lg.jp/sm/gms/nyuusatu/146882.html
2022,工事,建設管理部,網走,94,https://www.pref.hokkaido.lg.jp/sm/gms/nyuusatu/146882.html
2022,工事,建設管理部,帯広,100,https://www.pref.hokkaido.lg.jp/sm/gms/nyuusatu/146882.html
2022,工事,建設管理部,釧路,88,https://www.pref.hokkaido.lg.jp/sm/gms/nyuusatu/146882.html
2023,委託,産業振興部,空知,195,https://www.pref.hokkaido.lg.jp/sm/gms/nyuusatu/269382.html
2023,委託,産業振興部,石狩,30,https://www.pref.hokkaido.lg.jp/sm/gms/nyuusatu/269382.html
2023,委託,産業振興部,後志,34,https://www.pref.hokkaido.lg.jp/sm/gms/nyuusatu/269382.html
2023,委託,産業振興部,胆振,38,https://www.pref.hokkaido.lg.jp/sm/gms/nyuusatu/269382.html
2023,委託,産業振興部,日高,32,https://www.pref.hokkaido.lg.jp/sm/gms/nyuusatu/269382.html
2023,委託,産業振興部,渡島,52,https://www.pref.hokkaido.lg.jp/sm/gms/nyuusatu/269382.html
2023,委託,産業振興部,檜山,27,https://www.pref.hokkaido.lg.jp/sm/gms/nyuusatu/269382.html
2023,委託,産業振興部,上川,97,https://www.pref.hokkaido.lg.jp/sm/gms/nyuusatu/269382.html
2023,委託,産業振興部,留萌,35,https://www.pref.hokkaido.lg.jp/sm/gms/nyuusatu/269382.html
2023,委託,産業振興部,宗谷,29,https://www.pref.hokkaido.lg.jp/sm/gms/nyuusatu/269382.html
2023,委託,産業振興部,オホーツク,106,https://www.pref.hokkaido.lg.jp/sm/gms/nyuusatu/269382.html
2023,委託,産業振興部,十勝,111,https://www.pref.hokkaido.lg.jp/sm/gms/nyuusatu/269382.html
2023,委託,産業振興部,釧路,27,https://www.pref.hokkaido.lg.jp/sm/gms/nyuusatu/269382.html
2023,委託,産業振興部,根室,36,https://www.pref.hokkaido.lg.jp/sm/gms/nyuusatu/269382.html
2023,委託,建設管理部,札幌,436,https://www.pref.hokkaido.lg.jp/sm/gms/nyuusatu/269382.html
2023,委託,建設管理部,小樽,240,https://www.pref.hokkaido.lg.jp/sm/gms/nyuusatu/269382.html
2023,委託,建設管理部,室蘭,261,https://www.pref.hokkaido.lg.jp/sm/gms/nyuusatu/269382.html
2023,委託,建設管理部,函館,420,https://www.pref.hokkaido.lg.jp/sm/gms/nyuusatu/269382.html
2023,委託,建設管理部,旭川,340,https://www.pref.hokkaido.lg.jp/sm/gms/nyuusatu/269382.html
2023,委託,建設管理部,留萌,159,https://www.pref.hokkaido.lg.jp/sm/gms/nyuusatu/269382.html
2023,委託,建設管理部,稚内,189,https://www.pref.hokkaido.lg.jp/sm/gms/nyuusatu/269382.html
2023,委託,建設管理部,網走,311,https://www.pref.hokkaido.lg.jp/sm/gms/nyuusatu/269382.html
2023,委託,建設管理部,帯広,327,https://www.pref.hokkaido.lg.jp/sm/gms/nyuusatu/269382.html
2023,委託,建設管理部,釧路,233,https://www.pref.hokkaido.lg.jp/sm/gms/nyuusatu/269382.html
2023,工事,産業振興部,空知,58,https://www.pref.hokkaido.lg.jp/sm/gms/nyuusatu/269382.html
2023,工事,産業振興部,石狩,9,https://www.pref.hokkaido.lg.jp/sm/gms/nyuusatu/269382.html
2023,工事,産業振興部,後志,20,https://www.pref.hokkaido.lg.jp/sm/gms/nyuusatu/269382.html
2023,工事,産業振興部,胆振,33,https://www.pref.hokkaido.lg.jp/sm/gms/nyuusatu/269382.html
2023,工事,産業振興部,日高,24,https://www.pref.hokkaido.lg.jp/sm/gms/nyuusatu/269382.html
2023,工事,産業振興部,渡島,40,https://www.pref.hokkaido.lg.jp/sm/gms/nyuusatu/269382.html
2023,工事,産業振興部,檜山,18,https://www.pref.hokkaido.lg.jp/sm/gms/nyuusatu/269382.html
2023,工事,産業振興部,上川,46,https://www.pref.hokkaido.lg.jp/sm/gms/nyuusatu/269382.html
2023,工事,産業振興部,留萌,27,https://www.pref.hokkaido.lg.jp/sm/gms/nyuusatu/269382.html
2023,工事,産業振興部,宗谷,25,https://www.pref.hokkaido.lg.jp/sm/gms/nyuusatu/269382.html
2023,工事,産業振興部,オホーツク,70,https://www.pref.hokkaido.lg.jp/sm/gms/nyuusatu/269382.html
2023,工事,産業振興部,十勝,82,https://www.pref.hokkaido.lg.jp/sm/gms/nyuusatu/269382.html
2023,工事,産業振興部,釧路,20,https://www.pref.hokkaido.lg.jp/sm/gms/nyuusatu/269382.html
2023,工事,産業振興部,根室,24,https://www.pref.hokkaido.lg.jp/sm/gms/nyuusatu/269382.html
2023,工事,建設管理部,札幌,135,https://www.pref.hokkaido.lg.jp/sm/gms/nyuusatu/269382.html
2023,工事,建設管理部,小樽,87,https://www.pref.hokkaido.lg.jp/sm/gms/nyuusatu/269382.html
2023,工事,建設管理部,室蘭,99,https://www.pref.hokkaido.lg.jp/sm/gms/nyuusatu/269382.html
2023,工事,建設管理部,函館,140,https://www.pref.hokkaido.lg.jp/sm/gms/nyuusatu/269382.html
2023,工事,建設管理部,旭川,117,https://www.pref.hokkaido.lg.jp/sm/gms/nyuusatu/269382.html
2023,工事,建設管理部,留萌,58,https://www.pref.hokkaido.lg.jp/sm/gms/nyuusatu/269382.html
2023,工事,建設管理部,稚内,55,https://www.pref.hokkaido.lg.jp/sm/gms/nyuusatu/269382.html
2023,工事,建設管理部,網走,84,https://www.pref.hokkaido.lg.jp/sm/gms/nyuusatu/269382.html
2023,工事,建設管理部,帯広,89,https://www.pref.hokkaido.lg.jp/sm/gms/nyuusatu/269382.html
2023,工事,建設管理部,釧路,109,https://www.pref.hokkaido.lg.jp/sm/gms/nyuusatu/269382.html
2024,委託,産業振興部,空知,172,https://www.pref.hokkaido.lg.jp/sm/gms/nyuusatu/212743.html
2024,委託,産業振興部,石狩,34,https://www.pref.hokkaido.lg.jp/sm/gms/nyuusatu/212743.html
2024,委託,産業振興部,後志,30,https://www.pref.hokkaido.lg.jp/sm/gms/nyuusatu/212743.html
2024,委託,産業振興部,胆振,39,https://www.pref.hokkaido.lg.jp/sm/gms/nyuusatu/212743.html
2024,委託,産業振興部,日高,42,https://www.pref.hokkaido.lg.jp/sm/gms/nyuusatu/212743.html
2024,委託,産業振興部,渡島,57,https://www.pref.hokkaido.lg.jp/sm/gms/nyuusatu/212743.html
2024,委託,産業振興部,檜山,29,https://www.pref.hokkaido.lg.jp/sm/gms/nyuusatu/212743.html
2024,委託,産業振興部,上川,89,https://www.pref.hokkaido.lg.jp/sm/gms/nyuusatu/212743.html
2024,委託,産業振興部,留萌,40,https://www.pref.hokkaido.lg.jp/sm/gms/nyuusatu/212743.html
2024,委託,産業振興部,宗谷,36,https://www.pref.hokkaido.lg.jp/sm/gms/nyuusatu/212743.html
2024,委託,産業振興部,オホーツク,106,https://www.pref.hokkaido.lg.jp/sm/gms/nyuusatu/212743.html
2024,委託,産業振興部,十勝,110,https://www.pref.hokkaido.lg.jp/sm/gms/nyuusatu/212743.html
2024,委託,産業振興部,釧路,28,https://www.pref.hokkaido.lg.jp/sm/gms/nyuusatu/212743.html
2024,委託,産業振興部,根室,35,https://www.pref.hokkaido.lg.jp/sm/gms/nyuusatu/212743.html
2024,委託,建設管理部,札幌,427,https://www.pref.hokkaido.lg.jp/sm/gms/nyuusatu/212743.html
2024,委託,建設管理部,小樽,305,https://www.pref.hokkaido.lg.jp/sm/gms/nyuusatu/212743.html
2024,委託,建設管理部,室蘭,305,https://www.pref.hokkaido.lg.jp/sm/gms/nyuusatu/212743.html
2024,委託,建設管理部,函館,390,https://www.pref.hokkaido.lg.jp/sm/gms/nyuusatu/212743.html
2024,委託,建設管理部,旭川,398,https://www.pref.hokkaido.lg.jp/sm/gms/nyuusatu/212743.html
2024,委託,建設管理部,留萌,154,https://www.pref.hokkaido.lg.jp/sm/gms/nyuusatu/212743.html
2024,委託,建設管理部,稚内,159,https://www.pref.hokkaido.lg.jp/sm/gms/nyuusatu/212743.html
2024,委託,建設管理部,網走,292,https://www.pref.hokkaido.lg.jp/sm/gms/nyuusatu/212743.html
2024,委託,建設管理部,帯広,330,https://www.pref.hokkaido.lg.jp/sm/gms/nyuusatu/212743.html
2024,委託,建設管理部,釧路,245,https://www.pref.hokkaido.lg.jp/sm/gms/nyuusatu/212743.html
2024,工事,産業振興部,空知,57,https://www.pref.hokkaido.lg.jp/sm/gms/nyuusatu/212743.html
2024,工事,産業振興部,石狩,11,https://www.pref.hokkaido.lg.jp/sm/gms/nyuusatu/212743.html
2024,工事,産業振興部,後志,17,https://www.pref.hokkaido.lg.jp/sm/gms/nyuusatu/212743.html
2024,工事,産業振興部,胆振,31,https://www.pref.hokkaido.lg.jp/sm/gms/nyuusatu/212743.html
2024,工事,産業振興部,日高,26,https://www.pref.hokkaido.lg.jp/sm/gms/nyuusatu/212743.html
2024,工事,産業振興部,渡島,38,https://www.pref.hokkaido.lg.jp/sm/gms/nyuusatu/212743.html
2024,工事,産業振興部,檜山,21,https://www.pref.hokkaido.lg.jp/sm/gms/nyuusatu/212743.html
2024,工事,産業振興部,上川,34,https://www.pref.hokkaido.lg.jp/sm/gms/nyuusatu/212743.html
2024,工事,産業振興部,留萌,23,https://www.pref.hokkaido.lg.jp/sm/gms/nyuusatu/212743.html
2024,工事,産業振興部,宗谷,28,https://www.pref.hokkaido.lg.jp/sm/gms/nyuusatu/212743.html
2024,工事,産業振興部,オホーツク,62,https://www.pref.hokkaido.lg.jp/sm/gms/nyuusatu/212743.html
2024,工事,産業振興部,十勝,79,https://www.pref.hokkaido.lg.jp/sm/gms/nyuusatu/212743.html
2024,工事,産業振興部,釧路,25,https://www.pref.hokkaido.lg.jp/sm/gms/nyuusatu/212743.html
2024,工事,産業振興部,根室,28,https://www.pref.hokkaido.lg.jp/sm/gms/nyuusatu/212743.html
2024,工事,建設管理部,札幌,142,https://www.pref.hokkaido.lg.jp/sm/gms/nyuusatu/212743.html
2024,工事,建設管理部,小樽,92,https://www.pref.hokkaido.lg.jp/sm/gms/nyuusatu/212743.html
2024,工事,建設管理部,室蘭,103,https://www.pref.hokkaido.lg.jp/sm/gms/nyuusatu/212743.html
2024,工事,建設管理部,函館,117,https://www.pref.hokkaido.lg.jp/sm/gms/nyuusatu/212743.html
2024,工事,建設管理部,旭川,113,https://www.pref.hokkaido.lg.jp/sm/gms/nyuusatu/212743.html
2024,工事,建設管理部,留萌,70,https://www.pref.hokkaido.lg.jp/sm/gms/nyuusatu/212743.html
2024,工事,建設管理部,稚内,55,https://www.pref.hokkaido.lg.jp/sm/gms/nyuusatu/212743.html
2024,工事,建設管理部,網走,94,https://www.pref.hokkaido.lg.jp/sm/gms/nyuusatu/212743.html
2024,工事,建設管理部,帯広,100,https://www.pref.hokkaido.lg.jp/sm/gms/nyuusatu/212743.html
2024,工事,建設管理部,釧路,96,https://www.pref.hokkaido.lg.jp/sm/gms/nyuusatu/212743.html
