id,target,pattern,section_pattern,field,aim,note
R01,planner,法務局,,地籍・登記・課税,制度・権利管理,登記所備付地図の作成
R02,planner,(防衛|自衛隊),,防衛,公共事業執行,防衛施設の整備。6 分類に防衛はないので公共事業執行とし、分野で区別する
R03,planner,(直接支払|集落),,農業農村,地域維持,中山間地域等直接支払 (集落による農地・水路の維持)
R03d,planner,(林野庁|森林管理),,森林・林業,生産力維持,国有林 (林野庁・森林管理局)
R03b,purpose,農業委員会|農地台帳,,地籍・登記・課税,制度・権利管理,農業委員会の地図情報 (農地台帳)
R03c,section,農業委員会,,地籍・登記・課税,制度・権利管理,農業委員会の地図情報 (農地台帳)
R04,purpose,(地籍|筆界|登記|固定資産|課税|税務|評価替),,地籍・登記・課税,制度・権利管理,
R04b,section,(地籍|税務|課税|資産税),,地籍・登記・課税,制度・権利管理,担当部署が地籍・税務 (業務名で判定できない時)
R05,purpose,(国有農地|開拓財産),,地籍・登記・課税,制度・権利管理,国有農地・開拓財産 (戦後開拓の国有地) の境界確定・売払い
R05b,purpose,用地確定,(開発振興|産業|企業立地),産業用地,生産力維持,開発振興・企業立地の部署が行う用地確定は産業用地 (工業団地) の造成
R05c,purpose,(跡地|庁舎|学校|保育所|住宅敷地|町有地|市有地|村有地|公有地|公共施設|消防),,公有財産・公共施設,資産管理,自治体の公有地・公共施設の境界確定や再編 (旧施設の跡地など)
R06,purpose,(農地防災|地すべり|海岸保全|ため池|湛水防除),(農村|耕地|農業|農務),農業農村,防災減災,農村振興課などが行う農地・農村の防災
R07,purpose,(集落排水|下水道),,上下水道・衛生,地域維持,農村振興課の下水道計画は農業集落排水とみられる
R08,purpose,(水道|導水管|浄水|配水管|廃棄物|衛生|清掃|ごみ|し尿|処分場),,上下水道・衛生,地域維持,
R09,purpose,(漁港|水産|漁場|養殖|種苗),,水産,生産力維持,
R09b,purpose,区画整理,(農業|農村|耕地|換地),農業農村,生産力維持,開発局の農業事務所などの「区画整理」は農地の区画整理 (ほ場整備)
R10,purpose,(畑地帯|中山間|経営体|通作条件|水利施設|農地集積|草地整備|ほ場|土地改良|農道計画|農地開発|営農|用水路|排水路|集水路|幹線用|農地保全|かんがい|灌漑|国営|農区|農業用|農用地|頭首工|揚水機|明渠|暗渠|農地|農道整備|農道特対|耕作条件|農作業道|導水路|送水路|流末|農業振興|機構関連|管理水準|養豚|畜産|用水|農業農村),,農業農村,生産力維持,農業農村整備 (道営・国営)
R11,section,(農業事務所|農業開発|耕地|農村振興|農村整備|農務|農業計画|換地|農業整備|土地改良|農業基盤|農業環境),,農業農村,生産力維持,担当部署が農業農村整備 (業務名で判定できない時)
R12,purpose,農道管理,,農業農村,資産管理,
R12b,purpose,航空レーザ,(林|農林),森林・林業,生産力維持,農林課・林務の航空レーザは森林資源の計測とみる
R13,purpose,(林道|森林|造林|林業|林内路網|林地開発|Jクレジット|Ｊクレジット),,森林・林業,生産力維持,
R13b,purpose,(有珠山|駒ヶ岳|樽前山|倶多楽|十勝岳|雌阿寒).*(レーザ|航空|観測|監視|流域),,防災・治水,防災減災,火山 (山の名前だけでは道路名にも出るので、計測・流域の語と組で当てる)
R14,purpose,(治山|砂防|急傾斜|雪崩|落石|法面|防災|災害|復旧工事|津波|火山|浸水|地盤変動|地盤沈下|堤防|遊水地|ダム|放水路|河川改修|改修工事|総合流域|治水|海岸|侵食|流木|地殻|地すべり),,防災・治水,防災減災,河川・砂防・海岸・道路防災・地盤
R15,purpose,(道路台帳|台帳|補正測量|敷地確定|公物管理|河川区域|河川管理|道路管理|区域調査|財産管理|敷地調査|敷地境界|管理測量|境界|敷地測量),,公物管理,資産管理,道路・河川などの公物の台帳と区域の管理
R16,purpose,(基準点|水準点|電子基準点|三角点|街区|多角点),,位置基盤,資産管理,公共基準点の設置・復旧 (地域の位置の基盤)
R17,purpose,(航空写真|写真撮影|オルソ|数値表層|地形図作成|数値地形図|基盤地図|基礎データ|白図|都市計画図|現況図|現況平面図|デジタル基盤|地図情報|点群),,行政情報,資産管理,航空写真・地形図などの行政情報の整備
R18,purpose,(区画整理|都市計画|公園|緑地|まちづくり|宅地|団地|市街地|再開発|総合計画|ボールパーク|駅前|自由通路),,都市・まちづくり,地域維持,
R19,purpose,(港|公有水面|埋立|空港|飛行場|鉄道|新幹線|フェリー|岸壁|ふ頭|埠頭|電源開発),,港湾・空港・鉄道,公共事業執行,
R20,purpose,(国道|道道|町道|市道|村道|道路|交差点|橋|トンネル|跨線|除雪|雪寒|交安|歩道|バイパス|線外|線\s|線（|線\(|号線|地方道|インター|IC|自動車道|線測量|線現況|線調査|線実測|通り|街道),,道路,公共事業執行,
R21,purpose,(河川|水系|左岸|右岸|上流|下流|横断測量|地形測量|樋門|堰|川外|川改修|川調査|川測量|川周辺),,防災・治水,防災減災,河川の名前・区間で書かれた業務 (「滝川」「旭川」などの地名の「川」には当てない)
R22,purpose,(環境|自然|湿原|国立公園|保護|園地|採取跡地|緑化),,環境・自然,地域維持,6 分類に環境はないので地域維持とし、分野で区別する
R23,purpose,(文化財|遺跡|史跡),,文化,地域維持,
R25,section,(治水|河川|ダム),,防災・治水,防災減災,
R24,section,(建設管理部|土木|建設課|建設水道|都市建設|道路|施設課),,道路,公共事業執行,担当部署が土木・建設 (業務名で判定できない時)
R26a,purpose,地区,用地.*北海道開発局,農業農村,生産力維持,開発局の用地課の「〇〇地区」の用地測量は国営の農業農村整備 (開発局の道路は「一般国道」で始まり R20 で決まる)
R26,section,(用地),,道路,公共事業執行,用地課 (業務名で判定できない時)。開発局・建設管理部の用地課の多くは道路
R27,purpose,用地確定,,公有財産・公共施設,資産管理,他の規則で決まらない用地確定 (公有地の確定)
