id,pattern,type,subtype,note
P01,法務局,法務局,法務局,登記所備付地図の作成 (法務局地図作成事業)
P02,^法務省,国 (その他),法務省 (法務局以外),例: 法務省帯広刑務所
P03,(防衛|自衛隊),防衛省,防衛省・自衛隊,
P04,^北海道開発局,北海道開発局,開発建設部,事務所名は開発建設部にまとめる
P05,^北海道.*振興局,北海道,振興局,道の出先 (総合振興局・振興局)
P06,^北海道(企業局|住宅供給公社)?$,北海道,本庁ほか,計画機関名が「北海道」だけのもの・道の企業局など
P07,^北海道(立|大学),その他,研究機関,
P08,(土地区画整理|区画整理組合|施行認可申請者),その他,区画整理組合・施行者,民間・組合施行の土地区画整理
P09,(直接支払|集落),その他,集落・協議会,中山間地域等直接支払制度の集落協定など
P10,土地改良区,その他,土地改良区,
P11,(漁業協同組合|漁協),その他,漁業協同組合,
P12,(港管理組合|港湾管理),その他,港湾管理組合,
P13,(事務組合|衛生センター組合|広域|廃棄物処理組合),その他,一部事務組合,ごみ・し尿などの広域処理
P14,(環境省|林野庁|森林管理|国土交通省|農林水産省),国 (その他),国の他省庁,
P15,(鉄道建設|都市再生機構|高速道路),その他,独立行政法人・特殊会社,
